nom,definition_operationnelle,structure_cognitive_typique,indices_linguistiques_contextuels,contexte_rhetorique_typique,critere_de_validation,exemple_positif,exemple_faux_positif,mise_en_garde
Effet de contexte,Tendance √† voir son jugement influenc√© par l'environnement imm√©diat plut√¥t que par les qualit√©s objectives de l'information.,Le jugement sur un objet change en fonction du cadre ou de la situation pr√©sent√©e.,"""Selon la situation"", ""Dans ce contexte"", ""Vu les circonstances""","Cadre narratif sp√©cifique : crise, urgence, comparaison implicite.",üí° Pr√©sent si Si le jugement varie selon le contexte pr√©sent√©.,"""Dans un contexte de crise, cette mesure est accept√©e."" / ""Face aux circonstances exceptionnelles, il faut agir diff√©remment.""","""Cette mesure est logique quelle que soit la situation.""",‚ö†Ô∏è Les indices linguistiques ne doivent jamais √™tre utilis√©s seuls. Tu dois toujours v√©rifier si le sch√©ma cognitif du biais est bien pr√©sent dans le contexte du titre.
Biais de distinction,Exag√©ration des diff√©rences entre options similaires lorsqu'elles sont √©valu√©es ensemble.,L‚Äôesprit surestime des diff√©rences per√ßues entre des √©l√©ments similaires.,"""Comparer"", ""Diff√©rence marqu√©e""",Mise en opposition artificielle entre deux options ou deux groupes.,üí° Pr√©sent si Si la comparaison simultan√©e rend deux options plus diff√©rentes.,"""Ces deux offres paraissent tr√®s diff√©rentes lorsqu'on les compare.""","""Ces deux options sont √©valu√©es de mani√®re neutre et comparable.""",‚ö†Ô∏è Les indices linguistiques ne doivent jamais √™tre utilis√©s seuls. Tu dois toujours v√©rifier si le sch√©ma cognitif du biais est bien pr√©sent dans le contexte du titre.
Loi de Weber-Fechner,Perception de la variation relative d'un stimulus d√©pendant de son intensit√© de d√©part.,L‚Äôimpact d‚Äôun changement d√©pend de l‚Äôintensit√© initiale per√ßue.,"""Petite diff√©rence"", ""Changement imperceptible""",√âvaluation de variations faibles ou imperceptibles dans un contexte quantitatif.,üí° Pr√©sent si Si la perception d√©pend de l'intensit√© initiale.,"""5% d'augmentation est per√ßue diff√©remment selon le revenu initial.""","""Une variation identique est ressentie pareil quel que soit le point de d√©part.""",‚ö†Ô∏è Les indices linguistiques ne doivent jamais √™tre utilis√©s seuls. Tu dois toujours v√©rifier si le sch√©ma cognitif du biais est bien pr√©sent dans le contexte du titre.
Effet Peltzman (compensation du risque),Tendance √† compenser des mesures de s√©curit√© par des comportements plus risqu√©s.,L‚Äôindividu augmente son risque per√ßu quand des mesures de s√©curit√© sont ajout√©es.,"""Moins risqu√©"", ""Prot√©g√©""","Mention de protection, s√©curit√© accrue ou comportement compensatoire.",üí° Pr√©sent si Si les mesures de s√©curit√© augmentent les comportements risqu√©s.,"""L'ABS incite certains conducteurs √† rouler plus vite.""","""Les mesures de s√©curit√© sont int√©gr√©es sans changement de comportement.""",‚ö†Ô∏è Les indices linguistiques ne doivent jamais √™tre utilis√©s seuls. Tu dois toujours v√©rifier si le sch√©ma cognitif du biais est bien pr√©sent dans le contexte du titre.
Effet de retournement,R√©action oppos√©e √† l'effet escompt√© sous influence per√ßue.,Une injonction provoque une r√©action inverse √† celle attendue.,"""Se rebeller"", ""R√©action oppos√©e""","Discours d‚Äôopposition, provocation ou d‚Äôinversion des normes.",üí° Pr√©sent si Si une pression ou une incitation produit l'effet contraire.,"""Face √† la pression, il d√©fend encore plus sa position.""","""Il suit naturellement la recommandation.""",‚ö†Ô∏è Les indices linguistiques ne doivent jamais √™tre utilis√©s seuls. Tu dois toujours v√©rifier si le sch√©ma cognitif du biais est bien pr√©sent dans le contexte du titre.
Saturation informationnelle,Effondrement de la capacit√© de traitement sous surcharge d'information.,,"""Trop d'informations"", ""Submerg√©""",,üí° Pr√©sent si Si la quantit√© d'information r√©duit la capacit√© d√©cisionnelle.,"""Il n'a pas pu choisir face √† l'abondance d'options.""","""Il traite calmement toutes les informations disponibles.""",‚ö†Ô∏è Les indices linguistiques ne doivent jamais √™tre utilis√©s seuls. Tu dois toujours v√©rifier si le sch√©ma cognitif du biais est bien pr√©sent dans le contexte du titre.
Effet d'espacement,Meilleure m√©morisation par apprentissage r√©parti dans le temps.,,"""Sessions √©tal√©es"", ""R√©p√©titions espac√©es""",,üí° Pr√©sent si Si l'espacement des sessions renforce la m√©morisation.,"""Il retient mieux avec plusieurs sessions espac√©es.""","""Il m√©morise aussi bien en apprenant tout d‚Äôun coup.""",‚ö†Ô∏è Les indices linguistiques ne doivent jamais √™tre utilis√©s seuls. Tu dois toujours v√©rifier si le sch√©ma cognitif du biais est bien pr√©sent dans le contexte du titre.
Effet de suggestion,Alt√©ration des souvenirs sous l'effet de suggestions ext√©rieures.,,"""On m'a dit que"", ""On suppose que""",,üí° Pr√©sent si Si des √©l√©ments sugg√©r√©s modifient le souvenir.,"""Le t√©moin incorpore des d√©tails induits par la question.""","""Le souvenir reste fid√®le aux faits v√©cus.""",‚ö†Ô∏è Les indices linguistiques ne doivent jamais √™tre utilis√©s seuls. Tu dois toujours v√©rifier si le sch√©ma cognitif du biais est bien pr√©sent dans le contexte du titre.
Effet de g√©n√©ration,Meilleure r√©tention d'une information quand elle est produite soi-m√™me.,,"""Formuler soi-m√™me"", ""Cr√©er la r√©ponse""",,üí° Pr√©sent si Si la g√©n√©ration active am√©liore la m√©morisation.,"""Il retient mieux apr√®s avoir formul√© ses propres r√©ponses.""","""Il retient autant par lecture passive.""",‚ö†Ô∏è Les indices linguistiques ne doivent jamais √™tre utilis√©s seuls. Tu dois toujours v√©rifier si le sch√©ma cognitif du biais est bien pr√©sent dans le contexte du titre.
St√©r√©otype implicite,Activation automatique d'associations st√©r√©otyp√©es envers un groupe.,,"""Tous les m√™mes"", ""Inconscient""",,üí° Pr√©sent si Si l'√©valuation est influenc√©e inconsciemment par un st√©r√©otype.,"""Il pense inconsciemment que certains m√©tiers conviennent √† un groupe sp√©cifique.""","""Il juge les individus sans st√©r√©otypes implicites.""",‚ö†Ô∏è Les indices linguistiques ne doivent jamais √™tre utilis√©s seuls. Tu dois toujours v√©rifier si le sch√©ma cognitif du biais est bien pr√©sent dans le contexte du titre.
Effacement n√©gatif,Tendance √† oublier pr√©f√©rentiellement les souvenirs n√©gatifs.,,"""Oublier les mauvais moments""",,üí° Pr√©sent si Si les souvenirs n√©gatifs disparaissent plus facilement.,"""Il se souvient surtout des aspects heureux d'une p√©riode difficile.""","""Il se rappelle autant des √©checs que des r√©ussites.""",‚ö†Ô∏è Les indices linguistiques ne doivent jamais √™tre utilis√©s seuls. Tu dois toujours v√©rifier si le sch√©ma cognitif du biais est bien pr√©sent dans le contexte du titre.
Biais d'omission,Tendance √† juger moins s√©v√®rement une action par omission qu'une action par commission.,,"""Ne rien faire"", ""Par d√©faut""",,üí° Pr√©sent si Si l'inaction est jug√©e plus acceptable qu'une action.,"""Laisser passer une faute semble moins grave que la commettre.""","""Omission et action sont jug√©es aussi graves.""",‚ö†Ô∏è Les indices linguistiques ne doivent jamais √™tre utilis√©s seuls. Tu dois toujours v√©rifier si le sch√©ma cognitif du biais est bien pr√©sent dans le contexte du titre.
Biais de la route connue,Pr√©f√©rence pour les chemins d√©j√† emprunt√©s malgr√© des alternatives meilleures.,,"""Chemin habituel"", ""Solution √©prouv√©e""",,üí° Pr√©sent si Si l'habitude pr√©vaut sur l'optimalit√©.,"""Il choisit la route connue m√™me si elle est plus longue.""","""Il √©value objectivement toutes les options.""",‚ö†Ô∏è Les indices linguistiques ne doivent jamais √™tre utilis√©s seuls. Tu dois toujours v√©rifier si le sch√©ma cognitif du biais est bien pr√©sent dans le contexte du titre.
Biais de la somme nulle,Croyance que les gains des uns impliquent n√©cessairement les pertes des autres.,,"""Ce que l'un gagne, l'autre perd""",,üí° Pr√©sent si Si les situations coop√©ratives sont per√ßues comme comp√©titives.,"""Il pense que si un coll√®gue r√©ussit, cela lui nuit.""","""Il consid√®re les succ√®s ind√©pendamment des siens.""",‚ö†Ô∏è Les indices linguistiques ne doivent jamais √™tre utilis√©s seuls. Tu dois toujours v√©rifier si le sch√©ma cognitif du biais est bien pr√©sent dans le contexte du titre.
Biais de normalit√©,Sous-estimation des √©v√©nements extr√™mes par projection de la continuit√© pass√©e.,,"""Comme d'habitude"", ""Rien d'exceptionnel""",,üí° Pr√©sent si Si la stabilit√© pass√©e est utilis√©e pour nier l'exceptionnel.,"""Il croit qu‚Äôune crise grave est improbable car jamais v√©cue.""","""Il reste conscient des risques in√©dits.""",‚ö†Ô∏è Les indices linguistiques ne doivent jamais √™tre utilis√©s seuls. Tu dois toujours v√©rifier si le sch√©ma cognitif du biais est bien pr√©sent dans le contexte du titre.
Biais de confusion de source,Mauvaise attribution de la provenance d'un souvenir ou d'une information.,,"""Je crois que"", ""Quelqu'un a dit""",,üí° Pr√©sent si Si la source r√©elle est confondue avec une autre.,"""Il attribue une information lue sur internet √† une source officielle.""","""Il distingue clairement l'origine des informations.""",‚ö†Ô∏è Les indices linguistiques ne doivent jamais √™tre utilis√©s seuls. Tu dois toujours v√©rifier si le sch√©ma cognitif du biais est bien pr√©sent dans le contexte du titre.
Biais de la preuve anecdotique,Priorisation des t√©moignages personnels sur les donn√©es statistiques.,,"""J'ai vu"", ""√áa m'est arriv√©""",,üí° Pr√©sent si Si un t√©moignage isol√© prime sur la statistique globale.,"""Il croit qu'une solution marche car un ami l‚Äôa test√©e.""","""Il privil√©gie les √©tudes s√©rieuses aux anecdotes.""",‚ö†Ô∏è Les indices linguistiques ne doivent jamais √™tre utilis√©s seuls. Tu dois toujours v√©rifier si le sch√©ma cognitif du biais est bien pr√©sent dans le contexte du titre.
Illusion des s√©ries,Perception de motifs dans des s√©quences d'√©v√©nements al√©atoires.,,"""S√©rie chanceuse"", ""Coup du sort""",,üí° Pr√©sent si Si des motifs sont vus dans du hasard pur.,"""Il croit √† une tendance cach√©e apr√®s plusieurs succ√®s cons√©cutifs.""","""Il traite chaque √©v√©nement comme ind√©pendant.""",‚ö†Ô∏è Les indices linguistiques ne doivent jamais √™tre utilis√©s seuls. Tu dois toujours v√©rifier si le sch√©ma cognitif du biais est bien pr√©sent dans le contexte du titre.
Effet de biais d'homog√©n√©it√© de l'exogroupe,Perception exag√©r√©e de la similarit√© au sein d'un groupe ext√©rieur.,,"""Ils sont tous pareils""",,üí° Pr√©sent si Si les nuances entre membres externes sont ignor√©es.,"""Il pense que tous les membres d'un autre groupe se ressemblent.""","""Il reconna√Æt les diff√©rences individuelles d'autres groupes.""",‚ö†Ô∏è Les indices linguistiques ne doivent jamais √™tre utilis√©s seuls. Tu dois toujours v√©rifier si le sch√©ma cognitif du biais est bien pr√©sent dans le contexte du titre.
Effet de retournement √©motionnel,Amplification √©motionnelle par rupture d'attente affective.,Une injonction provoque une r√©action inverse √† celle attendue.,"""Contre toute attente"", ""D√©ception forte""","Discours d‚Äôopposition, provocation ou d‚Äôinversion des normes.",üí° Pr√©sent si Si la rupture √©motionnelle provoque une r√©action disproportionn√©e.,"""Un espoir d√©√ßu renforce la col√®re.""","""Une d√©ception est per√ßue calmement sans exag√©ration √©motionnelle.""",‚ö†Ô∏è Les indices linguistiques ne doivent jamais √™tre utilis√©s seuls. Tu dois toujours v√©rifier si le sch√©ma cognitif du biais est bien pr√©sent dans le contexte du titre.
Effet de fausse m√©moire,Cr√©ation ou modification de souvenirs suite √† des influences externes ou reconstructions mentales.,,"""Je suis s√ªr que"", ""Je me rappelle que""",,üí° Pr√©sent si Si un souvenir inexistant est affirm√© avec confiance.,"""Il croit se souvenir d'un √©v√©nement qui n'a jamais eu lieu.""","""Il reconna√Æt son incertitude sur ses souvenirs.""",‚ö†Ô∏è Les indices linguistiques ne doivent jamais √™tre utilis√©s seuls. Tu dois toujours v√©rifier si le sch√©ma cognitif du biais est bien pr√©sent dans le contexte du titre.
Effet de confiance excessive,Surestimation de ses capacit√©s ou connaissances r√©elles.,,"""Je suis s√ªr"", ""C'est √©vident""",,üí° Pr√©sent si Si la certitude d√©passe la justesse r√©elle de mani√®re syst√©matique.,"""Il affirme des informations erron√©es avec assurance.""","""Il v√©rifie syst√©matiquement ses certitudes.""",‚ö†Ô∏è Les indices linguistiques ne doivent jamais √™tre utilis√©s seuls. Tu dois toujours v√©rifier si le sch√©ma cognitif du biais est bien pr√©sent dans le contexte du titre.
Effet d'illusion de contr√¥le,Croyance exag√©r√©e de pouvoir influencer des √©v√©nements incontr√¥lables.,,"""Gr√¢ce √† moi"", ""Je contr√¥le cela""",,üí° Pr√©sent si Si une ma√Ætrise est per√ßue l√† o√π il n'y en a pas.,"""Il pense influencer un tirage au sort par ses gestes.""","""Il reconna√Æt l‚Äôind√©pendance du r√©sultat par rapport √† ses actions.""",‚ö†Ô∏è Les indices linguistiques ne doivent jamais √™tre utilis√©s seuls. Tu dois toujours v√©rifier si le sch√©ma cognitif du biais est bien pr√©sent dans le contexte du titre.
Effet d'amor√ßage √©motionnel,Modification du jugement suite √† une stimulation √©motionnelle pr√©alable.,,"""Apr√®s cette ambiance"", ""Sous influence √©motionnelle""",,üí° Pr√©sent si Si une √©motion pr√©alable oriente inconsciemment l'√©valuation suivante.,"""Apr√®s avoir vu une sc√®ne triste, il juge plus s√©v√®rement.""","""Son jugement reste stable quelle que soit l'ambiance pr√©c√©dente.""",‚ö†Ô∏è Les indices linguistiques ne doivent jamais √™tre utilis√©s seuls. Tu dois toujours v√©rifier si le sch√©ma cognitif du biais est bien pr√©sent dans le contexte du titre.
Effet de simplification heuristique,Usage de raccourcis mentaux rapides pour √©valuer des situations complexes.,,"""Raccourci"", ""D√©cision intuitive""",,üí° Pr√©sent si Si une d√©cision complexe est r√©sum√©e par une heuristique simple.,"""Il juge un risque uniquement par la peur qu'il inspire.""","""Il analyse rationnellement toutes les dimensions d'une d√©cision.""",‚ö†Ô∏è Les indices linguistiques ne doivent jamais √™tre utilis√©s seuls. Tu dois toujours v√©rifier si le sch√©ma cognitif du biais est bien pr√©sent dans le contexte du titre.
Effet d'att√©nuation de l'alerte,Diminution de la vigilance face √† un danger par absence d‚Äôincident visible.,,"""Pas grave"", ""Toujours rien""",,üí° Pr√©sent si Si la perception du risque baisse sans modification r√©elle de la menace.,"""Apr√®s plusieurs fausses alertes, il ignore les consignes.""","""Il reste prudent malgr√© l'absence d'√©v√©nements.""",‚ö†Ô∏è Les indices linguistiques ne doivent jamais √™tre utilis√©s seuls. Tu dois toujours v√©rifier si le sch√©ma cognitif du biais est bien pr√©sent dans le contexte du titre.
Biais d'optimisme irr√©aliste,Tendance √† croire que les √©v√©nements n√©gatifs arrivent plus aux autres qu'√† soi.,,"""√áa n'arrive qu'aux autres""",,üí° Pr√©sent si Si l'estimation personnelle du risque est syst√©matiquement inf√©rieure √† la moyenne.,"""Il croit qu'il est moins expos√© aux accidents que la moyenne.""","""Il √©value objectivement son risque personnel.""",‚ö†Ô∏è Les indices linguistiques ne doivent jamais √™tre utilis√©s seuls. Tu dois toujours v√©rifier si le sch√©ma cognitif du biais est bien pr√©sent dans le contexte du titre.
Biais de normalisation du d√©viant,Acceptation progressive de comportements d√©viants devenus fr√©quents.,,"""On s'y habitue"", ""C'est la norme maintenant""",,üí° Pr√©sent si Si une r√©p√©tition d'√©carts entra√Æne leur normalisation cognitive.,"""Des infractions r√©p√©t√©es deviennent accept√©es comme normales.""","""Il reste critique malgr√© la r√©p√©tition des √©carts.""",‚ö†Ô∏è Les indices linguistiques ne doivent jamais √™tre utilis√©s seuls. Tu dois toujours v√©rifier si le sch√©ma cognitif du biais est bien pr√©sent dans le contexte du titre.
Biais d'ancrage,Surestimation d'une premi√®re information donn√©e pour √©valuer une situation ult√©rieure.,,"""Premier prix"", ""R√©f√©rence initiale""",,üí° Pr√©sent si Pr√©sent si la premi√®re information influence le jugement final.,"""Une maison semble bon march√© apr√®s avoir vu une maison plus ch√®re.""","""Chaque maison est √©valu√©e ind√©pendamment.""",‚ö†Ô∏è Les indices linguistiques ne doivent jamais √™tre utilis√©s seuls. Tu dois toujours v√©rifier si le sch√©ma cognitif du biais est bien pr√©sent dans le contexte du titre.
Biais de disponibilit√©,Juger la probabilit√© d'un √©v√©nement selon la facilit√© avec laquelle des exemples nous viennent √† l'esprit.,,"""On en entend parler"", ""Souvenir marquant""",,üí° Pr√©sent si Pr√©sent si l'accessibilit√© de l'exemple d√©forme la probabilit√© estim√©e.,"""Il surestime les risques d'accidents d‚Äôavion apr√®s un crash m√©diatis√©.""","""Il √©value objectivement la probabilit√©.""",‚ö†Ô∏è Les indices linguistiques ne doivent jamais √™tre utilis√©s seuls. Tu dois toujours v√©rifier si le sch√©ma cognitif du biais est bien pr√©sent dans le contexte du titre.
Effet de halo,Une impression g√©n√©rale influence l'√©valuation des caract√©ristiques sp√©cifiques.,,"""Belle apparence"", ""Bonne premi√®re impression""",,üí° Pr√©sent si Pr√©sent si une caract√©ristique influence l‚Äôensemble du jugement.,"""Un employ√© bien habill√© est per√ßu comme comp√©tent.""","""Chaque qualit√© est √©valu√©e s√©par√©ment.""",‚ö†Ô∏è Les indices linguistiques ne doivent jamais √™tre utilis√©s seuls. Tu dois toujours v√©rifier si le sch√©ma cognitif du biais est bien pr√©sent dans le contexte du titre.
Effet de simple exposition,Pr√©f√©rence pour un stimulus par exposition r√©p√©t√©e sans interaction consciente.,,"""D√©j√† vu"", ""Connu""",,üí° Pr√©sent si Pr√©sent si la simple exposition augmente la pr√©f√©rence.,"""Un logo vu plusieurs fois para√Æt plus fiable.""","""Les pr√©f√©rences restent ind√©pendantes de la fr√©quence d‚Äôexposition.""",‚ö†Ô∏è Les indices linguistiques ne doivent jamais √™tre utilis√©s seuls. Tu dois toujours v√©rifier si le sch√©ma cognitif du biais est bien pr√©sent dans le contexte du titre.
Effet de r√©cence,Meilleure m√©morisation ou influence accrue des derni√®res informations re√ßues.,,"""Dernier argument"", ""Derni√®re impression""",,üí° Pr√©sent si Pr√©sent si l'information r√©cente prime sur les pr√©c√©dentes.,"""Il se souvient surtout des derniers points abord√©s.""","""Toutes les informations sont trait√©es √©galement.""",‚ö†Ô∏è Les indices linguistiques ne doivent jamais √™tre utilis√©s seuls. Tu dois toujours v√©rifier si le sch√©ma cognitif du biais est bien pr√©sent dans le contexte du titre.
Effet de primaut√©,Meilleure m√©morisation ou influence des premi√®res informations re√ßues.,,"""Premi√®re impression"", ""Au d√©part""",,üí° Pr√©sent si Pr√©sent si les premi√®res informations dominent la m√©morisation ou l'impression.,"""Il se rappelle davantage des premiers √©l√©ments d‚Äôune liste.""","""Chaque information a la m√™me pond√©ration.""",‚ö†Ô∏è Les indices linguistiques ne doivent jamais √™tre utilis√©s seuls. Tu dois toujours v√©rifier si le sch√©ma cognitif du biais est bien pr√©sent dans le contexte du titre.
Biais de confirmation,Recherche ou interpr√©tation d‚Äôinformations qui confirment ses croyances pr√©existantes.,,"""Confirmer ce que l'on pense"", ""Ignorer les contre-arguments""",,üí° Pr√©sent si Pr√©sent si l'attention et l'interpr√©tation filtrent pour valider des croyances existantes.,"""Il lit uniquement des articles qui renforcent son opinion politique.""","""Il lit et consid√®re des arguments oppos√©s.""",‚ö†Ô∏è Les indices linguistiques ne doivent jamais √™tre utilis√©s seuls. Tu dois toujours v√©rifier si le sch√©ma cognitif du biais est bien pr√©sent dans le contexte du titre.
Biais de n√©gativit√©,Poids cognitif plus important donn√© aux exp√©riences n√©gatives qu‚Äôaux positives.,,"""Choc n√©gatif"", ""Marqu√© par l‚Äô√©chec""",,üí° Pr√©sent si Pr√©sent si les √©l√©ments n√©gatifs dominent √©motionnellement et cognitivement.,"""Il retient plus une critique que dix compliments.""","""Il √©value positivement et n√©gativement de mani√®re √©quilibr√©e.""",‚ö†Ô∏è Les indices linguistiques ne doivent jamais √™tre utilis√©s seuls. Tu dois toujours v√©rifier si le sch√©ma cognitif du biais est bien pr√©sent dans le contexte du titre.
Effet de contraste,Accentuation des diff√©rences per√ßues entre deux stimuli pr√©sent√©s successivement.,,"""Comparer juste apr√®s"", ""Opposition forte""",,üí° Pr√©sent si Pr√©sent si la perception est modifi√©e par contraste.,"""Une voiture ordinaire para√Æt luxueuse apr√®s en avoir vu une tr√®s vieille.""","""Chaque stimulus est √©valu√© ind√©pendamment.""",‚ö†Ô∏è Les indices linguistiques ne doivent jamais √™tre utilis√©s seuls. Tu dois toujours v√©rifier si le sch√©ma cognitif du biais est bien pr√©sent dans le contexte du titre.
Effet Von Restorff,M√©morisation accrue d'un √©l√©ment distinctif au sein d'un ensemble homog√®ne.,,"""Objet unique"", ""√âl√©ment qui ressort""",,üí° Pr√©sent si Pr√©sent si l'√©l√©ment distinctif attire et renforce la m√©morisation.,"""Un produit en packaging fluorescent est mieux retenu.""","""Tous les √©l√©ments sont m√©moris√©s uniform√©ment.""",‚ö†Ô∏è Les indices linguistiques ne doivent jamais √™tre utilis√©s seuls. Tu dois toujours v√©rifier si le sch√©ma cognitif du biais est bien pr√©sent dans le contexte du titre.
Effet Barnum (ou effet Forer),Wikip√©dia.,,Tendance √† accepter des descriptions vagues et g√©n√©rales comme √©tant personnellement tr√®s pr√©cises.,,"üí° Pr√©sent si ""Horoscopes d√©crivant des traits de personnalit√© valables pour tous.""",Appropriation subjective d'√©nonc√©s g√©n√©riques ,"""Vous √™tes parfois r√©serv√© mais aussi sociable"", ""Vous traversez des p√©riodes de doute.""",‚ö†Ô∏è Les indices linguistiques ne doivent jamais √™tre utilis√©s seuls. Tu dois toujours v√©rifier si le sch√©ma cognitif du biais est bien pr√©sent dans le contexte du titre.
Effet Dunning-Kruger,Wikip√©dia.,,"Biais selon lequel les personnes incomp√©tentes surestiment leurs comp√©tences, tandis que les personnes comp√©tentes sous-estiment les leurs.",,"üí° Pr√©sent si ""D√©butants se croyant experts dans un domaine technique.""",Surestimation de soi chez les moins comp√©tents ,"""Confiance absolue en soi"", ""Je suis meilleur que tout le monde"", ""Pas besoin d'expert""",‚ö†Ô∏è Les indices linguistiques ne doivent jamais √™tre utilis√©s seuls. Tu dois toujours v√©rifier si le sch√©ma cognitif du biais est bien pr√©sent dans le contexte du titre.
Biais de statu quo,"Pr√©f√©rence pour la situation actuelle, par peur ou par inertie, malgr√© de meilleures alternatives.",,"""Rester comme avant"", ""Ne pas changer""",,üí° Pr√©sent si Pr√©sent si la pr√©f√©rence pour l‚Äô√©tat actuel l‚Äôemporte sur l‚Äôanalyse objective.,"""Il garde un abonnement m√©diocre par peur du changement.""","""Il √©value les options sans pr√©f√©rence pour le statu quo.""",‚ö†Ô∏è Les indices linguistiques ne doivent jamais √™tre utilis√©s seuls. Tu dois toujours v√©rifier si le sch√©ma cognitif du biais est bien pr√©sent dans le contexte du titre.
Effet de faux consensus,Surestimation du degr√© d'accord d'autrui avec nos propres opinions ou comportements.,,"""Tout le monde pense pareil"", ""Tout le monde fait √ßa""",,üí° Pr√©sent si Pr√©sent si l'individu projette ses propres croyances sur la majorit√© per√ßue.,"""Il croit que la majorit√© partage son avis.""","""Il reconna√Æt des divergences d'opinion facilement.""",‚ö†Ô∏è Les indices linguistiques ne doivent jamais √™tre utilis√©s seuls. Tu dois toujours v√©rifier si le sch√©ma cognitif du biais est bien pr√©sent dans le contexte du titre.
Effet de biais d'autocomplaisance,Wikip√©dia.,,Tendance √† attribuer ses succ√®s √† ses qualit√©s personnelles et ses √©checs √† des facteurs externes.,,"üí° Pr√©sent si ""Un √©tudiant explique son succ√®s √† un examen par son intelligence et son √©chec par la difficult√© injuste du test.""","Attribution interne pour les r√©ussites, attribution externe pour les √©checs.","""J'ai r√©ussi parce que je suis comp√©tent"", ""C‚Äôest la faute des autres si j'ai √©chou√©""",‚ö†Ô∏è Les indices linguistiques ne doivent jamais √™tre utilis√©s seuls. Tu dois toujours v√©rifier si le sch√©ma cognitif du biais est bien pr√©sent dans le contexte du titre.
